Time - sec	Amplitude - g	tipo_valor
0.2655211042208442	0.0007008542378072	interpolado
0.265620924184837	0.0005609493741339	interpolado
0.2657207441488297	0.0004929528905082	interpolado
0.2658205641128226	0.0005191473670038	interpolado
0.2659203840768154	0.0006618153836939	interpolado
0.266	0.000874	original
0.266120024004801	0.0013673151294846	interpolado
0.2662198439687938	0.0018984924196023	interpolado
0.2663196639327865	0.0024955040239644	interpolado
0.2664194838967793	0.0031171702809911	interpolado
0.2665193038607722	0.0037223115291043	interpolado
0.2666191238247649	0.0042697481067245	interpolado
0.2667189437887577	0.004718300352273	interpolado
0.2668187637527505	0.0050267886041711	interpolado
0.2669185837167433	0.0051540332008396	interpolado
0.267	0.005095	original
0.267118223644729	0.0047263697805717	interpolado
0.2672180436087217	0.0042014853787717	interpolado
0.2673178635727146	0.0035380930402857	interpolado
0.2674176835367073	0.0027899853311181	interpolado
0.2675175035007002	0.0020109548172717	interpolado
0.2676173234646929	0.0012547940647508	interpolado
0.2677171434286857	0.0005752956395586	interpolado
0.2678169633926786	2.6252107698353103e-05	interpolado
0.2679167833566714	-0.0003385439648258	interpolado
0.268	-0.000463	original
0.2681164232846569	-0.0003293394311005	interpolado
0.2682162432486497	2.390931670037504e-05	interpolado
0.2683160632126425	0.0005380473059501	interpolado
0.2684158831766353	0.00115676006059	interpolado
0.2685157031406281	0.0018237331045624	interpolado
0.2686155231046209	0.0024826519618082	interpolado
0.2687153430686137	0.0030772021562697	interpolado
0.2688151630326065	0.0035510692118889	interpolado
0.2689149829965994	0.0038479386526069	interpolado
0.269	0.003919	original
0.2691146229245849	0.0037111653369873	interpolado
0.2692144428885776	0.0032819571492939	interpolado
0.2693142628525705	0.0026696060513065	interpolado
0.2694140828165633	0.0019197912160451	interpolado
0.2695139027805562	0.0010781918165284	interpolado
0.269613722744549	0.0001904870257766	interpolado
0.2697135427085417	-0.0006976439831912	interpolado
0.2698133626725345	-0.0015405220373563	interpolado
0.2699131826365273	-0.0022924679636982	interpolado
0.27	-0.002837	original
0.2701128225645129	-0.00335559515942	interpolado
0.2702126425285057	-0.0036446646136776	interpolado
0.2703124624924986	-0.0037906403202333	interpolado
0.2704122824564913	-0.0038091290712858	interpolado
0.270512102420484	-0.0037157376590339	interpolado
0.2706119223844768	-0.0035260728756763	interpolado
0.2707117423484696	-0.0032557415134121	interpolado
0.2708115623124624	-0.0029203503644396	interpolado
0.2709113822764553	-0.0025355062209582	interpolado
0.271	-0.002165	original
0.2711110222044408	-0.0016795430552344	interpolado
0.2712108421684336	-0.0012379740148812	interpolado
0.2713106621324264	-0.0008062191335084	interpolado
0.2714104820964192	-0.0003983891429381	interpolado
0.271510302060412	-2.859477499191608e-05	interpolado
0.2716101220244048	0.0002890532385087	interpolado
0.2717099419883976	0.0005404441657416	interpolado
0.2718097619523905	0.0007114672748854	interpolado
0.2719095819163832	0.000788011834118	interpolado
0.272	0.000764	original
0.2721092218443688	0.0006087429058285	interpolado
0.2722090418083617	0.0003623922362693	interpolado
0.2723088617723544	3.725394863098184e-05	interpolado
0.2724086817363473	-0.0003463379083334	interpolado
0.2725085017003401	-0.0007680492858713	interpolado
0.2726083216643328	-0.0012075461352302	interpolado
0.2727081416283256	-0.0016444944076568	interpolado
0.2728079615923184	-0.0020585600543988	interpolado
0.2729077815563113	-0.0024294090267029	interpolado
0.273	-0.002716	original
0.2731074214842969	-0.0029653794791224	interpolado
0.2732072414482896	-0.0031170758422464	interpolado
0.2733070614122825	-0.0031967810832326	interpolado
0.2734068813762753	-0.0032094780567145	interpolado
0.273506701340268	-0.0031601496173256	interpolado
0.2736065213042609	-0.0030537786196992	interpolado
0.2737063412682536	-0.0028953479184688	interpolado
0.2738061612322465	-0.0026898403682679	interpolado
0.2739059811962392	-0.0024422388237301	interpolado
0.274	-0.002175	original
0.2741056211242249	-0.0018421421161214	interpolado
0.2742054410882176	-0.00150742020753	interpolado
0.2743052610522105	-0.0011657224595936	interpolado
0.2744050810162033	-0.0008294106767927	interpolado
0.274504900980196	-0.0005108466636076	interpolado
0.2746047209441888	-0.0002223922245184	interpolado
0.2747045409081816	2.359083599438275e-05	interpolado
0.2748043608721744	0.0002147407134506	interpolado
0.2749041808361672	0.0003386956033699	interpolado
0.275	0.000383	original
0.2751038207641528	0.0003413053782613	interpolado
0.2752036407281456	0.0002270297362695	interpolado
0.2753034606921384	5.8473529286231055e-05	interpolado
0.2754032806561312	-0.0001461568167236	interpolado
0.2755031006201239	-0.0003686548757956	interpolado
0.2756029205841168	-0.0005908142219653	interpolado
0.2757027405481096	-0.0007944284292676	interpolado
0.2758025605121024	-0.0009612910717383	interpolado
0.2759023804760952	-0.0010731957234127	interpolado
0.276	-0.001112	original
0.2761020204040808	-0.0010636608199944	interpolado
0.2762018403680736	-0.0009308260453061	interpolado
0.2763016603320664	-0.0007197033311003	interpolado
0.2764014802960592	-0.0004365643305137	interpolado
0.276501300260052	-8.768069668354896e-05	interpolado
0.2766011202240448	0.0003206759172535	interpolado
0.2767009401880376	0.0007822338581602	interpolado
0.2768007601520304	0.0012907214728997	interpolado
0.2769005801160232	0.0018398671083355	interpolado
0.277	0.002421	original
0.2771002200440088	0.0030319875838825	interpolado
0.2772000400080016	0.0036442158590572	interpolado
0.2772998599719943	0.0042356816923657	interpolado
0.2773996799359872	0.0047819828395143	interpolado
0.27749949989998	0.0052587170562082	interpolado
0.2775993198639728	0.0056414820981538	interpolado
0.2776991398279655	0.0059058757210566	interpolado
0.2777989597919583	0.0060274956806229	interpolado
0.2778987797559512	0.0059819397325584	interpolado
0.278	0.00574	original
0.2780984196839368	0.0053043241453211	interpolado
0.2781982396479295	0.0047014303063778	interpolado
0.2782980596119223	0.0039908014203547	interpolado
0.2783978795759151	0.0032271148282509	interpolado
0.2784976995399079	0.0024650478710667	interpolado
0.2785975195039008	0.0017592778898008	interpolado
0.2786973394678935	0.0011644822254535	interpolado
0.2787971594318864	0.0007353382190237	interpolado
0.2788969793958792	0.000526523211511	interpolado
0.279	0.0006	original
